sectionHeading,closureBegin,closureEnd,location,impact,closedUntil,isNew
"Closures scheduled for Wednesday, Sept. 30",,,,,,
,,,,,,
,Closures scheduled 24 hrs/day:,,Tates Creek Road between Merrick Drive and Dove Run Road,Inbound right lane closed for major utility work.,Oct. 20.,
,Closures scheduled 24 hrs/day:,,Cooper Drive at University Drive,One lane blocked for road lane changes.,Dec. 18.,
,,,,,,
,Closures scheduled 8 a.m. - 3 p.m.:,,Arlington Avenue between E. Maxwell Street and E. High Street,Road closed to thru traffic for sewer line work.,Oct. 9.,
,Closures scheduled 8 a.m. - 3 p.m.:,,Grosvenor Avenue between Rose Street and Arlington Avenue,Road closed to thru traffic for sewer line work.,Oct. 9.,
,,,,,,
,Closures scheduled 8 a.m. - 4 p.m.:,,Longview Drive between Clays Mill Road and Harrodsburg Road,One lane blocked for water line work.,Oct. 2.,
,,,,,,
,Closures scheduled 9 a.m. - 2 p.m.:,,Clays Mill Road between Keithshire Way and Delzan Pl,One lane blocked for overhead cable work.,Oct. 2.,
,,,,,,
,Closures scheduled 9 a.m. - 3 p.m.:,,E. Main Street between Walton Avenue and N. Ashland Avenue,Right lane blocked for utility work.,Oct. 2.,
,Closures scheduled 9 a.m. - 3 p.m.:,,E. Sixth Street between N. Limestone and Elm Tree Ln,One lane blocked for gas line work.,Oct. 4.,
,Closures scheduled 9 a.m. - 3 p.m.:,,Georgetown Road between Newtown Pike and Oak Street,Single rolling lane closure for overhead cable work.,Oct. 5.,
,Closures scheduled 9 a.m. - 3 p.m.:,,Georgetown Street between Ash Street and Greenwood Avenue,One lane blocked for overhead cable work.,Oct. 2.,
,Closures scheduled 9 a.m. - 3 p.m.:,,N. Broadway at Broadview Drive,Alternating lane closures for sewer line installation.,Oct. 16.,
,Closures scheduled 9 a.m. - 3 p.m.:,,N. Forbes Road between Commons Ln and Meadowthorpe Avenue,One lane blocked for water line work.,Sept. 30.,
,Closures scheduled 9 a.m. - 3 p.m.:,,N. Limestone between Withers Avenue and E. Sixth Street,Alternating lane closures for milling and paving.,Oct. 2.,
,Closures scheduled 9 a.m. - 3 p.m.:,,Race Street between Corral Street and E. Third Street,Single rolling lane closure for electric utility work.,Oct. 9.,
,Closures scheduled 9 a.m. - 3 p.m.:,,Richmond Road between Mentelle Park and Lincoln Avenue,Right lane blocked for gas line work.,Oct. 2.,
,Closures scheduled 9 a.m. - 3 p.m.:,,Rose Street between Lyndhurst Pl and E. Short Street,Alternating lane closures for electric utility work.,Oct. 9.,
,Closures scheduled 9 a.m. - 3 p.m.:,,Versailles Road between Village Drive and Alexandria Drive,Right lane blocked for electric pole repair.,Sept. 30.,x
,Closures scheduled 9 a.m. - 3 p.m.:,,W. Fourth Street between Henry Street and N. Broadway,Single rolling lane closure for utility work.,Oct. 5.,
,Closures scheduled 9 a.m. - 3 p.m.:,,New Circle Road at Georgetown Street,One lane blocked near the ramp for traffic signal work.,Oct. 1.,x
,Closures scheduled 9 a.m. - 3 p.m.:,,Clay Avenue between Central Avenue and E. High Street,One lane blocked for road restoration.,Sept. 30.,
,Closures scheduled 9 a.m. - 3 p.m.:,,Kentucky Avenue between E. High Street and Central Avenue,One lane blocked for sidewalk construction.,Sept. 30.,
,Closures scheduled 9 a.m. - 3 p.m.:,,N. Broadway between Judy Ln and Haggard Ln,One lane blocked for bridge work.,Oct. 16.,
,Closures scheduled 9 a.m. - 3 p.m.:,,N. Martin Luther King Blvd between E. Fifth Street and E. Sixth Street,One lane blocked for gas line work.,Oct. 4.,
,Closures scheduled 9 a.m. - 3 p.m.:,,Old Paris Road between Laclede Avenue and Beverly Avenue,One lane blocked for bridge work.,Oct. 16.,
,Closures scheduled 9 a.m. - 3 p.m.:,,Race Street at E. Fourth Street,One lane blocked for sidewalk construction.,Sept. 30.,
,Closures scheduled 9 a.m. - 3 p.m.:,,Wilson Downing Road between Tates Creek Road and Camelot Drive,One lane blocked for caulking work.,Sept. 30.,
,,,,,,
,Closures scheduled 7 p.m. - 6 a.m.:,,E. High Street at Euclid Avenue,Intersection closed for road restoration.,Oct. 1 at 6 a.m.,
,Closures scheduled 7 p.m. - 6 a.m.:,,N. Limestone between Carlisle Avenue and New Circle Road,One lane blocked for gas main installation.,Oct. 14.,
,,,,,,
Work subject to change depending on weather or other unforeseen factors.,Cells.EntireColumn.AutoFit,,,,,
