sectionHeading,,incidentType,location,description,displayAlert
,,,,,
,,,,,
,,Injury Collision:,,,
,,Injury Collision:,W. Loudon Avenue at Oak Hill Drive,The westbound lane is shut down.,x
,,,,,
,,,,,
,,Non-Injury Collision:,,,
,,Non-Injury Collision:,,,
,,Non-Injury Collision:,Outer loop New Circle Road just prior to Nicholasville Road.,,
,,,,,
,,Traffic Signals on Flash:,,,
,,,,,
,,Traffic Hazard:,,,
,,Traffic Hazard:,,,
,,,,,
,,Stalled Vehicle:,,,
,,Stalled Vehicle:,,,
,,,,,
,,Intersection Closure Scheduled on E. High Street at Euclid Avenue/Fontaine Road:,Wednesday 9/30 at 7 p.m. thru Thursday 10/1 at 6 a.m.,,
,,Intersection Closure Scheduled on E. High Street at Euclid Avenue/Fontaine Road:,Thursday 10/1 at 7 p.m. thru Friday 10/2 at 6 a.m.,,
,,Intersection Closure Scheduled on E. High Street at Euclid Avenue/Fontaine Road:,Intersection CLOSED for road work.,,
,,Intersection Closure Scheduled on E. High Street at Euclid Avenue/Fontaine Road:,Detour via Sunset Drive and S. Ashland Avenue.,,
,,Intersection Closure Scheduled on E. High Street at Euclid Avenue/Fontaine Road:,Motorists on Fontaine Road may use Desha Road -> Ghent Road -> S. Hanover Avenue.,,
,,,,,
,,Cells.EntireColumn.AutoFit,,,
