sectionHeading,day,event,timeBegin,timeEnd
Weekend Events and Traffic Impacts for Oct. 10 - 11,,,,
,,,,
,"Saturday, Oct. 10:",UK Football vs LSU at Kroger Field.  Kickoff scheduled at 7 p.m.,,
,"Saturday, Oct. 10:",Becky Robinson: The Beasts In Me Tour at the Lexington Opera House at 8 p.m.,,
,"Saturday, Oct. 10:",Keeneland Racing Fall Meet.  First post at 1 p.m. daily.,,
,"Saturday, Oct. 10:",East End Art And Music Festival at the Artists' Village on Goodloe Street from 5-7 p.m.,,
,"Saturday, Oct. 10:",Water Lantern Festival at the Kentucky Horse Park from 5-9 p.m.,,
,"Saturday, Oct. 10:",,,
,,,,
,"Sunday, Oct. 11:",Keeneland Racing Fall Meet.  First post at 1 p.m. daily.,,
,"Sunday, Oct. 11:",,,
,,,,
,Note:,Events may be postponed or canceled due to weather or other unforeseen factors.,,
,Note:,Please contact the proper venue for updated information.,,
,,,,
,Cells.EntireColumn.AutoFit,,,
